timestamp,caller,receiver,duration_seconds,cell_tower_id
2026-04-20T08:51:00Z,+91-9287484583,+91-9287484583,98,TOW-467
2026-04-10T20:39:00Z,+91-9287484583,+91-9287484583,1774,
2026-04-25T09:05:00Z,+91-9287484583,+91-9287484583,1761,TOW-146
2026-04-12T05:23:00Z,+91-9287484583,+91-9287484583,737,TOW-564
2026-04-20T20:10:00Z,+91-9287484583,+91-9287484583,1103,TOW-799
2026-04-21T22:35:00Z,+91-9287484583,+91-9287484583,459,TOW-376
2026-04-13T08:04:00Z,+91-9287484583,+91-9287484583,442,TOW-132
2026-04-21T14:09:00Z,+91-9287484583,+91-9287484583,552,TOW-505
2026-04-19T13:57:00Z,+91-9287484583,+91-9287484583,1205,TOW-651
2026-04-03T01:55:00Z,+91-9287484583,+91-9287484583,234,TOW-241
2026-04-13T12:38:00Z,+91-9287484583,+91-9287484583,968,TOW-532
2026-04-18T08:49:00Z,+91-9287484583,+91-9287484583,1322,TOW-217
2026-04-24T23:16:00Z,+91-9287484583,+91-9287484583,1035,TOW-261
2026-04-17T19:12:00Z,+91-9287484583,+91-9287484583,323,TOW-405
2026-04-01T19:20:00Z,+91-9287484583,+91-9287484583,1010,TOW-897
2026-04-08T01:15:00Z,+91-9287484583,+91-9287484583,1171,TOW-951
2026-04-25T17:49:00Z,+91-9287484583,+91-9287484583,267,
2026-04-28T19:27:00Z,+91-9287484583,+91-9287484583,443,TOW-269
2026-04-15T16:28:00Z,+91-9287484583,+91-9287484583,257,TOW-787
2026-04-08T18:14:00Z,+91-9287484583,+91-9287484583,24,TOW-121
2026-04-03T16:15:00Z,+91-9287484583,+91-9287484583,580,TOW-132
2026-04-19T18:30:00Z,+91-9287484583,+91-9287484583,507,TOW-840
2026-04-12T13:26:00Z,+91-9287484583,+91-9287484583,966,TOW-199
2026-04-28T03:15:00Z,+91-9287484583,+91-9287484583,402,TOW-845
2026-04-08T02:28:00Z,+91-9287484583,+91-9287484583,1664,TOW-287
2026-04-03T07:10:00Z,+91-9430747414,+91-9287484583,842,TOW-653
2026-04-06T12:00:00Z,+91-9430747414,+91-9287484583,809,TOW-510
2026-04-26T17:42:00Z,+91-9430747414,+91-9287484583,1481,TOW-813
2026-04-19T23:34:00Z,+91-9430747414,+91-9287484583,134,TOW-322
2026-04-28T16:10:00Z,+91-9430747414,+91-9287484583,126,TOW-588
2026-04-08T12:07:00Z,+91-9430747414,+91-9287484583,1176,TOW-169
2026-04-19T16:20:00Z,+91-9430747414,+91-9287484583,544,TOW-529
2026-04-21T09:29:00Z,+91-9430747414,+91-9287484583,657,TOW-505
2026-04-03T17:13:00Z,+91-9430747414,+91-9287484583,1046,TOW-676
2026-04-12T09:10:00Z,+91-9430747414,+91-9287484583,907,TOW-170
2026-04-22T03:56:00Z,+91-9430747414,+91-9287484583,285,TOW-667
2026-04-09T09:38:00Z,+91-9430747414,+91-9287484583,441,TOW-860
2026-04-16T08:57:00Z,+91-9430747414,+91-9287484583,1742,TOW-973
2026-04-01T10:49:00Z,+91-9430747414,+91-9287484583,277,TOW-949
2026-04-18T00:07:00Z,+91-9430747414,+91-9287484583,164,TOW-664
2026-04-14T04:02:00Z,+91-9430747414,+91-9287484583,641,TOW-696
2026-04-22T03:22:00Z,+91-9430747414,+91-9287484583,1607,TOW-315
2026-04-26T05:56:00Z,+91-9430747414,+91-9287484583,854,TOW-342
2026-04-28T23:51:00Z,+91-9338715135,+91-9226541099,518,TOW-521
2026-04-02T15:14:00Z,+91-9338715135,+91-9226541099,418,TOW-210
2026-04-08T00:42:00Z,+91-9338715135,+91-9226541099,405,TOW-914
2026-04-09T11:41:00Z,+91-9338715135,+91-9226541099,1053,TOW-171
2026-04-09T05:37:00Z,+91-9338715135,+91-9226541099,553,TOW-218
2026-04-11T13:38:00Z,+91-9338715135,+91-9226541099,1057,TOW-453
2026-04-23T13:00:00Z,+91-9338715135,+91-9226541099,1074,TOW-294
2026-04-20T10:42:00Z,+91-9338715135,+91-9226541099,1746,TOW-780
2026-04-13T22:18:00Z,+91-9338715135,+91-9226541099,1145,TOW-782
2026-04-06T19:36:00Z,+91-9338715135,+91-9226541099,626,TOW-488
