node_id,name,source_type,country_codes,jurisdiction,service_provider,address
Entity_20003127,DALMA CORPORATION LIMITED,Entity,,BAH,,
Entity_20010494,ASIA CONSTRUCTION CORPORATION LIMITED,Entity,,BAH,,
Entity_20010495,EURO LOGISTICS LIMITED,Entity,,BAH,,
Entity_20010496,EURO LEISURE LIMITED,Entity,,BAH,,
Entity_20010497,EURO DATA PROCUREMENT LIMITED,Entity,,BAH,,
Entity_20010498,STERLING INDUSTRIES LIMITED,Entity,,BAH,,
Entity_20010499,GENERAL COMMERCIAL ENTERPRISES LIMITED,Entity,,BAH,,
Entity_20010500,NEWARK INDUSTRIES LIMITED,Entity,,BAH,,
Entity_20010501,SUMMIT ENTERPRISES INC.,Entity,,BAH,,
Entity_20010502,ARMACO INTERNATIONAL LTD.,Entity,,BAH,,
Entity_20010503,EPEA INTERNATIONAL LTD.,Entity,,BAH,,
Entity_20010504,COWBEL LIMITED,Entity,,BAH,,
Entity_20010505,VAARING CONSULTING LIMITED,Entity,,BAH,,
Entity_20010506,RICHFIELD INTERNATIONAL LIMITED,Entity,,BAH,,
Entity_20010507,CHRISTOPHER & COMPANY LTD.,Entity,,BAH,,
Entity_20010508,ROZPUK INC.,Entity,,BAH,,
Entity_20010509,SPRINGFLOWER PROPERTIES LIMITED,Entity,,BAH,,
Entity_20010510,BAHA DEVELOPMENT CORPORATION,Entity,,BAH,,
Entity_20010511,NORTHSTAR HOLDINGS LIMITED,Entity,,BAH,,
Entity_20010512,BEACHWAY INC.,Entity,,BAH,,
Entity_20010513,QUIRINALE INVESTMENTS LIMITED,Entity,,BAH,,
Entity_20010514,GREVEN HOLDINGS LIMITED,Entity,,BAH,,
Entity_20010516,DIAGNOSTIC TECHNOLOGIST LTD.,Entity,,BAH,,
Entity_20010517,ADIEMIER COMPANY LIMITED,Entity,,BAH,,
Entity_20010515,NINOR SHIPPING COMPANY (BAHAMAS) LIMITED,Entity,,BAH,,
Entity_20010518,FOND'ART LTD.,Entity,,BAH,,
Entity_20010519,FENWICK HOLDINGS LIMITED,Entity,,BAH,,
Entity_20010520,SPRINGFIELD SERVICES LIMITED,Entity,,BAH,,
Entity_20010521,MEDUSA HOLDINGS LIMITED,Entity,,BAH,,
Entity_20010522,FEATHERSTONE INVESTMENTS LIMITED,Entity,,BAH,,
Entity_20010523,RIDGEMOUNT TRADING LIMITED,Entity,,BAH,,
Entity_20010524,REHMAG CORPORATION LTD.,Entity,,BAH,,
Entity_20010525,LE SAUNDA LICENSING LIMITED,Entity,,BAH,,
Entity_20010526,FARMINGTON LIMITED,Entity,,BAH,,
Entity_20010527,MARYLAND HOLDINGS INC,Entity,,BAH,,
Entity_20010528,FIVE OAKS INCORPORATED,Entity,,BAH,,
Entity_20010529,STINGRAY INVESTMENTS LIMITED,Entity,,BAH,,
Entity_20010530,DATA ENTERPRISES  INC.,Entity,,BAH,,
Entity_20010531,MALIBAY  CO. LTD.,Entity,,BAH,,
Entity_20010532,HENCY SOUTH AMERICA LIMITED,Entity,,BAH,,
Intermediary_23000001,Internal User,Intermediary,,,,
Intermediary_23000002,M & A CORPORATE SERVICES LIMITED,Intermediary,BHS,,,
Intermediary_23000003,BRITANNIA CONSULTING GROUP,Intermediary,BHS,,,
Intermediary_23000004,ABACO FSC LTD.,Intermediary,BHS,,,
Intermediary_23000005,OL PRIVATE CORPORATE COUNSEL LTD.,Intermediary,BHS,,,
Intermediary_23000006,IAN DION CARGILL,Intermediary,BHS,,,
Intermediary_23000007,ParrisWhittaker,Intermediary,BHS,,,
Intermediary_23000008,Scirocco Corporate Services (Bahamas) Lt,Intermediary,BHS,,,
Intermediary_23000009,THE BONNYCORD GROUP LIMITED,Intermediary,BHS,,,
Intermediary_23000010,ALGERNON S.P.B. ALLEN,Intermediary,BHS,,,
Intermediary_23000011,BORIS STEIN,Intermediary,BHS,,,
Intermediary_23000012,L C HULL,Intermediary,BHS,,,
Intermediary_23000013,DERENCE A. ROLLE,Intermediary,BHS,,,
Intermediary_23000014,REECE D.CHIPMAN (ISLAND BUSINESS CENTRE),Intermediary,BHS,,,
Intermediary_23000015,THOMAS A.E. EVANS,Intermediary,BHS,,,
Intermediary_23000016,WORLDWIDE CORPORATE SERVICE PROVIDERS,Intermediary,BHS,,,
Intermediary_23000017,ARGUS ADVISORS (FREEPORT),Intermediary,BHS,,,
Intermediary_23000018,GSO CORPORATE SERVICES LTD.,Intermediary,BHS,,,
Intermediary_23000019,VAN DAALEN INTERNATIONAL LTD.,Intermediary,BHS,,,
Intermediary_23000020,MARRON CORPORATE SERVICES LIMITED,Intermediary,BHS,,,
Intermediary_23000021,CROSS KEYS MANAGEMENT LTD.,Intermediary,BHS,,,
Intermediary_23000022,COTTISLAW,Intermediary,BHS,,,
Intermediary_23000023,WORLD CO-OPERATION SERVICES LTD.,Intermediary,BHS,,,
Intermediary_23000024,BEARBULL INTERNATIONAL LIMITED,Intermediary,BHS,,,
Intermediary_23000025,Clairmont Trust Company Limited,Intermediary,BHS,,,
Intermediary_23000026,Biscayne Capital Ltd.,Intermediary,BHS,,,
Intermediary_23000027,SAMANTHA F. MEADOWS,Intermediary,BHS,,,
Intermediary_23000028,GRANT THORNTON BAHAMAS,Intermediary,BHS,,,
Intermediary_23000029,JANE MARILYN PROSA,Intermediary,BHS,,,
Intermediary_23000030,ANDREW D. FORBES,Intermediary,BHS,,,
Intermediary_23000031,HENDRITH V. A. SMITH,Intermediary,BHS,,,
Intermediary_23000032,ANDREW CLIFFORD ALLEN,Intermediary,BHS,,,
Intermediary_23000033,BOSTICK LAW PARTNERS,Intermediary,BHS,,,
Intermediary_23000034,FREEPORT CORPORATE CONSULTANTS LTD.,Intermediary,BHS,,,
Intermediary_23000035,CLARITA LOCKHART,Intermediary,BHS,,,
Intermediary_23000036,WILFRED S. COAKLEY  JR. & CO.,Intermediary,BHS,,,
Intermediary_23000037,UNWALA & CO,Intermediary,BHS,,,
Intermediary_23000038,QUANT  NEWTON & CO.,Intermediary,BHS,,,
Intermediary_23000039,CITCO FUND SERVICES (BAHAMAS) LIMITED,Intermediary,BHS,,,
Intermediary_23000040,BNP PARIBAS (BAHAMAS) LIMITED,Intermediary,BHS,,,
Intermediary_23000041,HANDELSFINANZ CCF BANK INTERNATIONAL,Intermediary,BHS,,,
Intermediary_23000042,LOMBARD ODIER & CIE (BAHAMAS) LIMITED,Intermediary,BHS,,,
Intermediary_23000043,E.P. TOOTHE & ASSOCIATES (ABACO),Intermediary,BHS,,,
Intermediary_23000044,BRITTANY INVESTMENT CO. LTD,Intermediary,BHS,,,
Intermediary_23000045,PYFROM  WELLS & CO.,Intermediary,BHS,,,
Intermediary_23000046,** DISABLED SUISSE SECURITY BANK & TRUST,Intermediary,BHS,,,
Intermediary_23000047,GRAHAM COOPER,Intermediary,BHS,,,
Intermediary_23000048,GPFS LTD,Intermediary,BHS,,,
Intermediary_23000049,JANE LEWIS,Intermediary,BHS,,,
Intermediary_23000050,GLOBAL CORPORATE MANAGEMENT LTD.,Intermediary,BHS,,,
Intermediary_23000051,HARDING-LEE & CO.,Intermediary,BHS,,,
Intermediary_23000052,VALENTINE S. GRIMES,Intermediary,BHS,,,
Intermediary_23000053,CARL BETHEL,Intermediary,BHS,,,
Intermediary_23000054,SURETY BANK & TRUST COMPANY LIMITED,Intermediary,BHS,,,
Intermediary_23000055,INTERNATIONAL TRADE & INVESTMENTS LTD.,Intermediary,BHS,,,
Intermediary_23000056,MORTIMER & CO.,Intermediary,BHS,,,
Intermediary_23000057,BLUEWOOD MANAGEMENT LTD.,Intermediary,BHS,,,
Intermediary_23000058,BUTLER TURNER & ROSE,Intermediary,BHS,,,
Intermediary_23000059,EFFIE BURROWS,Intermediary,BHS,,,
Intermediary_23000060,K.M. GIBSON & CO.,Intermediary,BHS,,,
